id,type,platform,hurricane,days_from_landfall,source_type,subreddit,keyword_hit,parent_post_id,text,text_length
1fz6k4f,post,reddit,helene,,government,pics,milton,1fz6k4f,President Biden holds a briefing on Hurricane Milton preparation and Hurricane Helene response.,95
1fz6k4f,post,reddit,milton,,government,pics,milton,1fz6k4f,President Biden holds a briefing on Hurricane Milton preparation and Hurricane Helene response.,95
1fz6m28,post,reddit,helene,,government,NorthCarolina,hurricane,1fz6m28,"Quick Update on the Biden-Harris Administration’s Response to Hurricane Helene.
We’re continuing to surge resources to North Carolina to make sure communities have everything they need to recover and rebuild. So far:  
- FEMA has approved more than $37 million in assistance for over 28,000 households  
- More than 1,000 FEMA staff are on the ground, with more arriving daily  
- Over 1,200 Urban Search and Rescue personnel remain in the field. So far, these teams have rescued or supported over 3,200 survivors  
- More than 2,100 people are staying in safe and clean lodging through FEMA’s hotel program  
- 18 shelters are housing just under 800 occupants  
- More than 86% of originally reported power outages have been restored  
- President Biden ordered an additional 500 active-duty troops to the area, bringing the total number of active-duty military personnel supporting the response in North Carolina to 1,500  
- FEMA Disaster Survivor Assistance Teams remain on the ground to help survivors apply for FEMA assistance and connect them with additional state, local, federal, and voluntary agency resources  
  
Our Administration will be here for as long as it takes. We encourage survivors to apply for FEMA assistance, which can be done by:  
- Calling 1-800-621-3362  
- Visiting [DisasterAssistance.gov](http://DisasterAssistance.gov)  
- Using the FEMA App",1375
1fz7y6v,post,reddit,helene,,government,Georgia,hurricane,1fz7y6v,"Quick Update on the Biden-Harris Administration’s Response to Hurricane Helene.
We’re continuing to surge resources to Georgia to make sure communities have everything they need to recover and rebuild. So far, FEMA has approved over $48 million in assistance for more than 59,000 survivors. And, FEMA Disaster Survivor Assistance Teams are on the ground continuing to help survivors apply for FEMA assistance and connect them with additional state, local, federal, and voluntary agency resources.  
  
Our Administration will be here for as long as it takes to recover and rebuild. We encourage survivors to apply for FEMA assistance, which can be done by:  
- Calling 1-800-621-3362  
- Visiting [DisasterAssistance.gov](http://DisasterAssistance.gov)  
- Using the FEMA App",775
1fzrgqt,post,reddit,helene,,government,HurricaneHelene,hurricane,1fzrgqt,"Pushing Back on Hurricane Helene Misinformation
Since Hurricane Helene made landfall, there’s been an influx of misinformation being spread by former President Trump, Congressional Republicans, bad-faith actors, scam artists, and others. It’s wrong, dangerous, and must stop immediately.  
  
To address just a few:  
  
**1.** **Falsehood: FEMA will only provide $750 to disaster survivors to support their recovery**  
  
**Fact: No, $750 is what is immediately available to eligible survivors.** This is a type of assistance that you may be approved for soon after you apply, called Serious Needs Assistance. It is an upfront, flexible payment to help cover essential items like food, water, baby formula, breastfeeding supplies, medication and other emergency supplies.  
  
There are other forms of assistance that you may qualify for; Serious Needs Assistance is an initial payment you may receive while FEMA assesses your eligibility for additional funds.  
  
In addition, survivors may qualify for more FEMA and other Federal financial assistance, including to repair storm-related damage to homes and property, find a temporary place to stay, and receive compensation for lost crops and livestock.  
  
**2. Falsehood: Disaster relief funds were used on immigrants in the U.S. illegally.**  
  
**Fact: No money is being diverted from disaster response needs.** FEMA’s disaster response efforts and individual assistance is funded through the Disaster Relief Fund, which is a dedicated fund for disaster efforts. Disaster Relief Fund money has not been diverted to other, non-disaster related efforts.  
  
**3. Falsehood: FEMA is in the process of confiscating Helene survivor property.** If I apply for disaster assistance and my land is deemed unlivable, my property will be seized.  
  
**Fact:** **FEMA cannot seize your property or land.** Applying for disaster assistance does not grant FEMA or the federal government authority or ownership of your property or land.  
  
For more information about the facts, you can head to fema.gov/disaster/current/hurricane-helene/rumor-response. And know that our Administration will continue to marshal a whole-of-government response to Hurricane Helene. We will be here for as long as it takes.",2252
1fzv27b,post,reddit,helene,,government,NorthCarolina,hurricane,1fzv27b,"Quick Update on the Biden-Harris Administration’s Response to Hurricane Helene.
Our Administration continues to work around the clock to make sure communities in North Carolina have everything they need to recover and rebuild. So far:  
- FEMA has approved more than $60 million in assistance for over 51,000 households  
- More than 1,000 FEMA staff are on the ground, with more arriving daily  
- 1,200 Urban Search and Rescue personnel are in the field, supporting over 3,200 survivors  
- 17 shelters are housing just under 800 occupants  
- More than 90% of originally reported power outages have been restored  
- More than 2,600 people are staying in safe and clean lodging through FEMA’s hotel program  
  
Our Administration will not leave until the job is done. We encourage survivors to apply for FEMA assistance, which can be done by:  
- Calling 1-800-621-3362  
- Visiting [DisasterAssistance.gov](http://DisasterAssistance.gov)  
- Using the FEMA App",965
1fzv2y0,post,reddit,helene,,government,southcarolina,hurricane,1fzv2y0,"Quick Update on the Biden-Harris Administration’s Response to Hurricane Helene.
Our Administration continues to work around the clock to make sure communities in South Carolina have everything they need to recover and rebuild. So far, FEMA has approved over $77.2 million in assistance for more than 96,000 households.  
  
Our Administration will not leave until the job is done. We encourage survivors to apply for FEMA assistance, which can be done by:  
- Calling 1-800-621-3362  
- Visiting [DisasterAssistance.gov](http://DisasterAssistance.gov)  
- Using the FEMA App",574
1fzv38m,post,reddit,helene,,government,Georgia,hurricane,1fzv38m,"Quick Update on the Biden-Harris Administration’s Response to Hurricane Helene.
[removed]",89
1fzv3td,post,reddit,helene,,government,Virginia,hurricane,1fzv3td,"Quick Update on the Biden-Harris Administration’s Response to Hurricane Helene.
Our Administration continues to work around the clock to make sure communities in Virginia have everything they need to recover and rebuild. So far, FEMA has approved over $1.3 million in assistance for more than 709 households.  
  
Our Administration will not leave until the job is done. We encourage survivors to apply for FEMA assistance, which can be done by:  
- Calling 1-800-621-3362  
- Visiting [DisasterAssistance.gov](http://DisasterAssistance.gov)  
- Using the FEMA App",564
1fzv435,post,reddit,helene,,government,Tennessee,hurricane,1fzv435,"Quick Update on the Biden-Harris Administration’s Response to Hurricane Helene.
Our Administration continues to work around the clock to make sure communities in Tennessee have everything they need to recover and rebuild. So far, FEMA has approved over $5.1 million in assistance for 914 households.  
  
Our Administration will not leave until the job is done. We encourage survivors to apply for FEMA assistance, which can be done by:  
- Calling 1-800-621-3362  
- Visiting [DisasterAssistance.gov](http://DisasterAssistance.gov)  
- Using the FEMA App",555
1fzv4nw,post,reddit,milton,,government,florida,milton,1fzv4nw,"Quick Update on the Biden-Harris Administration’s Response to Hurricane Milton.
President Biden has directed his Administration to do everything possible to prepare for Hurricane Milton:

* President Biden granted emergency declarations to the State of Florida and the Seminole Tribe of Florida to help cover costs for life-safety and life-sustaining actions ahead of the storm
* FEMA surged search and rescue teams, water, food, power generators, and ambulances to the region
* FEMA is prepared to coordinate a full-fledged federal response
* Administrator Deanne Criswell will be in Florida to oversee the response

Evacuation orders are in effect in multiple counties. If you are in evacuation zones and have not left the area yet, you should do so immediately for your safety. Emergency shelters are open and transportation assistance is available. If you can’t evacuate, or need a safe place to go, text SHELTER & your zip code to 4-3-3-6-2 to get a list of open shelters near you.

We will be there with you as you weather this new storm.

**Update 1 – October 10, 2024**

* President Biden and Vice President Harris have been in constant contact with State and local officials
* President Biden has directed:
   * Defense Secretary Austin to provide a range of military capabilities to Florida
   * FEMA to open disaster recovery centers across the impacted communities right away
   * Federal agencies to mobilize resources, including the Department of Housing and Urban Development’s mortgage relief for impacted homeowners

* The U.S. Coast Guard and U.S. Army Corps of Engineers are assessing how fast they can reopen the Port of Tampa to get fuel, food, water, and other basic goods flowing into the area again
* The Federal Aviation Administration has authorized Florida Power and Light to fly large drones to quickly assess damage so ground crews can restore power more quickly
* More than 50,000 powerline workers have come from around the U.S. and Canada to restore power
* FEMA Administrator Deanne Criswell has been on the ground since last night and will continue to work with State and local partners to determine any unmet needs
* More than 1,000 federal personnel are on the ground

We know from previous hurricanes that it’s often the case that more lives are lost in the days following the storm than the actual storm itself. We strongly encourage everyone impacted by this storm to stay inside and off the roads – as downed power lines, debris, and road washouts are creating dangerous conditions. Please continue to shelter in place until local leaders give an all-clear.

We will continue to do everything in our power to help you recover and rebuild.",2678
1g0oels,post,reddit,helene,,government,pics,milton,1g0oels,President Biden Receives a Briefing in the Situation Room on Hurricanes Milton and Helene.,90
1g0oels,post,reddit,milton,,government,pics,milton,1g0oels,President Biden Receives a Briefing in the Situation Room on Hurricanes Milton and Helene.,90
1g236sq,post,reddit,helene,,government,florida,milton,1g236sq,"Update on the Biden-Harris Administration’s Response to Hurricane Milton.
On Friday night, President Biden immediately approved Florida Governor Ron DeSantis’s request for a Major Disaster Declaration for Florida. People in 34 counties in Florida, in addition to the Miccosukee Tribe of Indians of Florida, can now apply for FEMA assistance – including immediate aid to help with urgent needs like food, water and baby formula, as well as longer term needs like home repairs and rental assistance. If you are in a county eligible for both Helene and Milton disaster assistance, you need to submit separate applications for each disaster. You can apply by:

* Visiting [DisasterAssistance.gov](http://DisasterAssistance.gov)
* Calling 1-800-621-3362
* Using the FEMA App

Tomorrow, President Biden will travel to Florida to visit areas impacted by Hurricane Milton, meet with first responders and personnel on the ground, and hear firsthand from the community members as response and recovery continues.

We continue to urge people impacted by Hurricane Milton to stay safe. Pay attention to local officials, do not touch downed powerlines, be safe during an outage, and use generators safely. We will be with you for as long as it takes.

  
[President Joseph R. Biden, Jr. Approves Florida Disaster Declaration | The White House](https://www.whitehouse.gov/briefing-room/presidential-actions/2024/10/12/president-joseph-r-biden-jr-approves-florida-disaster-declaration-8/)

https://preview.redd.it/1br7rywvkcud1.png?width=2160&format=png&auto=webp&s=2ba5a445125d43aed0b47e9b2325fa39b8929b89",1591
1g236sq,post,reddit,milton,,government,florida,milton,1g236sq,"Update on the Biden-Harris Administration’s Response to Hurricane Milton.
On Friday night, President Biden immediately approved Florida Governor Ron DeSantis’s request for a Major Disaster Declaration for Florida. People in 34 counties in Florida, in addition to the Miccosukee Tribe of Indians of Florida, can now apply for FEMA assistance – including immediate aid to help with urgent needs like food, water and baby formula, as well as longer term needs like home repairs and rental assistance. If you are in a county eligible for both Helene and Milton disaster assistance, you need to submit separate applications for each disaster. You can apply by:

* Visiting [DisasterAssistance.gov](http://DisasterAssistance.gov)
* Calling 1-800-621-3362
* Using the FEMA App

Tomorrow, President Biden will travel to Florida to visit areas impacted by Hurricane Milton, meet with first responders and personnel on the ground, and hear firsthand from the community members as response and recovery continues.

We continue to urge people impacted by Hurricane Milton to stay safe. Pay attention to local officials, do not touch downed powerlines, be safe during an outage, and use generators safely. We will be with you for as long as it takes.

  
[President Joseph R. Biden, Jr. Approves Florida Disaster Declaration | The White House](https://www.whitehouse.gov/briefing-room/presidential-actions/2024/10/12/president-joseph-r-biden-jr-approves-florida-disaster-declaration-8/)

https://preview.redd.it/1br7rywvkcud1.png?width=2160&format=png&auto=webp&s=2ba5a445125d43aed0b47e9b2325fa39b8929b89",1591
1g4c6mn,post,reddit,helene,,government,NorthCarolina,hurricane,1g4c6mn,"Update on the Biden-Harris Administration’s Response to Hurricane Helene.
Our Administration continues to surge resources to North Carolina to ensure families, business owners, farmers, and other impacted communities receive the support and assistance they need and deserve. Here is the latest:

* FEMA has approved more than $97.5 million to survivors in housing and other types of assistance
* The Department of Defense continues to support search-and-rescue operations, route clearance, and commodities distribution across western North Carolina with 1,500 active-duty troops
* The Army Corps of Engineers continues missions supporting debris removal, temporary emergency power installation, infrastructure and water and wastewater system assessments
* More than 1,300 FEMA staff are on the ground, with more arriving daily
* Nearly 400 Urban Search and Rescue personnel remain in the field helping people. To date, these teams have rescued or supported over 3,200 survivors
* Power has been restored to more than approximately 96% of customers. Power restoration efforts continue to make steady progress each day, with more than 10,000 crews from across the U.S. working to restore service. Cellular restoration also continues to improve, with more than 93% of cellular sites in service
* 13 shelters are housing just over 560 occupants
* FEMA has activated its Transitional Sheltering Assistance program for North Carolina. Now, survivors who cannot return home may be eligible to receive help from FEMA to find a safe and clean place to stay while they make their long-term housing plans. To date, more than 2,760 families are participating in the program

Survivors can register for federal assistance by:

* Visiting [DisasterAssistance.gov](http://DisasterAssistance.gov)
* Calling 1-800-621-3362
* Using the FEMA App
* Visiting a Disaster Recovery Center in Asheville, Boone, Lenoir, Marion, or Sylva",1910
1g4c76f,post,reddit,milton,,government,pics,milton,1g4c76f,President Biden in Florida this weekend surveying Hurricane Milton damage.,74
1g8v0y0,post,reddit,helene,,government,NorthCarolina,hurricane,1g8v0y0,"Quick Update on the Biden-Harris Administration’s Response to Hurricane Helene.
Our Administration continues to work around the clock to help communities in North Carolina recover and rebuild from Hurricane Helene. We continue to surge resources and assist families, business owners, farmers, and others receive the support and assistance they need and deserve. And we won’t leave until the job is done.

https://preview.redd.it/3tr77meu65wd1.png?width=2160&format=png&auto=webp&s=431eca1c7f42f3d4a5cc85e8a206346a9997de1b",521
