id,link_id,parent_id,subreddit,author,created_utc,created_date,score,body,hurricane,source_type,keyword_hit
lp0x01n,t3_1fponav,t3_1fponav,HurricaneHelene,The_Unyielding_Baka,1727361025,2024-09-26 14:30,2,TLH airport shut down my boy,helene,community_discussion,
lp0z3ap,t3_1fponav,t1_lp0x01n,HurricaneHelene,boolinwdoolin,1727361704,2024-09-26 14:41,0,yeah but that’s tally and it’s gonna get obliterated,helene,community_discussion,
lp0z6ku,t3_1fponav,t1_lp0x01n,HurricaneHelene,boolinwdoolin,1727361732,2024-09-26 14:42,1,"the flight did make it to gnv, however",helene,community_discussion,
lp1afsn,t3_1fponav,t3_1fponav,HurricaneHelene,FoodNetworkUSA,1727365282,2024-09-26 15:41,2,"I heard that due to tropical winds, airplanes were being advised to stay on the ground unless giving special permission to go hunt hurricanes. 

I don't believe in hunting since I am a practicing (but open to experimenting) vegan so I am against that decision. 

I hope this helps.",helene,community_discussion,
lp0uede,t3_1fpuen3,t3_1fpuen3,HurricaneHelene,2016TRDPro,1727360171,2024-09-26 14:16,2,"Nice!!! That's an amazing bit of help from our Governor. 

True, his personality leaves a bit to be desired, but he's not a bad dude and has his heart in the right place.

And, thank God for DeSantis beating Andrew Gillum in the last election!!!",helene,community_discussion,
lp1a5eo,t3_1fpuen3,t1_lp0uede,HurricaneHelene,FoodNetworkUSA,1727365193,2024-09-26 15:39,3,Are you okay?,helene,community_discussion,
lp70764,t3_1fpuen3,t1_lp1a5eo,HurricaneHelene,Livinlyfe2themax,1727449301,2024-09-27 15:01,1,😂,helene,community_discussion,
lp329v6,t3_1fpxm7n,t3_1fpxm7n,HurricaneHelene,Wilder831,1727385247,2024-09-26 21:14,2,"Clearly not a true Floridian. we go down with the ship…

For those on the coast in the big bend, that was a joke. Get outta there! I was looking at earth cams last nite and there were like 5 rv’s still parked at Boyd’s campground in key west. The elevation at that place is like 1” above sea level and the camping spots are 1’ from the water.",helene,community_discussion,
lp419ui,t3_1fpxm7n,t1_lp329v6,HurricaneHelene,AbbreviationsOk8189,1727397806,2024-09-27 00:43,2,We in the river don’t know how to feel 🤣,helene,community_discussion,
lp199y7,t3_1fpyoej,t3_1fpyoej,HurricaneHelene,2016TRDPro,1727364921,2024-09-26 15:35,4,"I hope not.  I've been up since yesterday watching this thing and have to crash.

I'm praying it doesn't shift and catch people by surprise, but they sometimes do.",helene,community_discussion,
lp1d6d5,t3_1fpyoej,t3_1fpyoej,HurricaneHelene,FoodNetworkUSA,1727366127,2024-09-26 15:55,15,"The liberals would rather see our beaches and vape stores destroyed instead solving the Tropical Wind issue. This is exactly what the otherside is talking about, they keep allowing people from the tropics into the US. 

This hurricane is a Russian nesting doll of Mexicans and Cubans. There's no telling how many are hidden behind its wall clouds.",helene,community_discussion,hurricane
lp1hp4w,t3_1fpyoej,t1_lp1d6d5,HurricaneHelene,Douglas_Michael,1727367528,2024-09-26 16:18,9,It's coming to eat your pets!,helene,community_discussion,
lp1juu4,t3_1fpyoej,t3_1fpyoej,HurricaneHelene,Curious_Homework_362,1727368188,2024-09-26 16:29,1,going to goergia  this weekend..statesboro..any chance I get caught in this thing,helene,community_discussion,
lp1mneu,t3_1fpyoej,t3_1fpyoej,HurricaneHelene,Ill_Sheepherder_5134,1727369042,2024-09-26 16:44,3,"Following on You Tube Ryan Hall Live
He says the Tampa window for most action will be 7-12am tonight. Heaviest around 9pm. He interacts with the comment section and links with Storm Chasers all over the country.",helene,community_discussion,storm
lp1ojk3,t3_1fpyoej,t1_lp1juu4,HurricaneHelene,FoodNetworkUSA,1727369623,2024-09-26 16:53,1,You should be fine as long as you keep your doors locked. I haven't seen any verifiable info of people from the tropics breaking into homes. Just stay cautious and be vigilant.,helene,community_discussion,
lp1slgq,t3_1fpyoej,t1_lp1hp4w,HurricaneHelene,gardeninmymind,1727370879,2024-09-26 17:14,5,"Hide your dog, hide your cat",helene,community_discussion,
lp3igxc,t3_1fpyoej,t3_1fpyoej,HurricaneHelene,major24262829,1727390817,2024-09-26 22:46,1,"The storm is moving so fast that the Tampa area will not be nearly as hard as the area. Tallahassee, which is dear to my heart, (Go Noles!) will suffer catastrophic damage. Most of the homes in North Florida are two stories at least in the Tallahassee area. Wood framed 2nd stories.",helene,community_discussion,storm
lp1zdam,t3_1fq0f5m,t3_1fq0f5m,HurricaneHelene,FoodNetworkUSA,1727372978,2024-09-26 17:49,1,"Shaking my head... 

People really have nothing better to do other than take pictures of their neighbors belongings. What happened to the good ol days?",helene,community_discussion,
lp4s5d2,t3_1fq0f5m,t1_lp1zdam,HurricaneHelene,lalatina169,1727408344,2024-09-27 03:39,2,I would take pictures too. Just to show insurance that if anything happens to the house you prove it's your neighbors. Take neighbors to court to make them pay for damages due to their stuff next to the house . They shouldn't have their stuff laid outside when a hurricane is approaching. Common sense,helene,community_discussion,hurricane
lp6xn23,t3_1fq0f5m,t1_lp4s5d2,HurricaneHelene,ARandomDickweasel,1727448474,2024-09-27 14:47,0,You have insurance so that you don't need to take your neighbors to court.,helene,community_discussion,
lpf3kzk,t3_1fq0f5m,t1_lp6xn23,HurricaneHelene,RuddyOpposition,1727568581,2024-09-29 00:09,1,"The insurance will take the neighbors to court, if they can.  So take the pictures.",helene,community_discussion,
lpib8fz,t3_1fq0f5m,t1_lpf3kzk,HurricaneHelene,ARandomDickweasel,1727625918,2024-09-29 16:05,1,"Although this should be obvious, the only thing the insurance company gives a fuck about is money.  They're just as likely to use the pictures to deny your claim because you knew your neighbor's stuff was a risk and you did nothing about it.",helene,community_discussion,
lpjpu2t,t3_1fq0f5m,t1_lpib8fz,HurricaneHelene,RuddyOpposition,1727641574,2024-09-29 20:26,1,"LOL, there is that.  So, the proper course of action is to go bust the window out in their house and toss everything in the house.  If asked any questions, the answer is ""damn, nature is LIT!, I would have never guessed the wind would do that.""",helene,community_discussion,
lp20nou,t3_1fq1xv8,t3_1fq1xv8,HurricaneHelene,2016TRDPro,1727373375,2024-09-26 17:56,3,"You'll be fine to fly in on Saturday. 

I live here and have lived here most of my life, so I've seen countless storms come and go here. 

I'm going to pick my wife up on Friday night and fully expect the airport and pilots to be able to handle it.

I'm saying this based on my previous years of flight experience and watching Tampa International Airport operations for decades.",helene,community_discussion,
lp2ty8v,t3_1fq1xv8,t1_lp20nou,HurricaneHelene,CharmingGarlicky,1727382580,2024-09-26 20:29,2,Thank you,helene,community_discussion,
lp36z58,t3_1fq1xv8,t1_lp2ty8v,HurricaneHelene,2016TRDPro,1727386804,2024-09-26 21:40,1,Your very welcome.   Just try to be safe out there.,helene,community_discussion,
lp3t13e,t3_1fq1xv8,t3_1fq1xv8,HurricaneHelene,Muted-Collection-256,1727394728,2024-09-26 23:52,1,Friday should be ok,helene,community_discussion,
lp377so,t3_1fq6wzj,t3_1fq6wzj,HurricaneHelene,2016TRDPro,1727386884,2024-09-26 21:41,3,Yep.  These things are nerve-wracking...,helene,community_discussion,
lp388fn,t3_1fq6wzj,t1_lp377so,HurricaneHelene,Wilder831,1727387227,2024-09-26 21:47,2,They definitely are I just always hate the coverage of them. It is barely moving… stop saying how fast it is going…,helene,community_discussion,
lp39cyp,t3_1fq6wzj,t1_lp388fn,HurricaneHelene,2016TRDPro,1727387613,2024-09-26 21:53,1,"Exactly.   The news thrives on horror. 

That's why I just use weather apps on my phone instead of watching broadcast news.",helene,community_discussion,weather
lp3s8t0,t3_1fq6wzj,t3_1fq6wzj,HurricaneHelene,Far-Entrepreneur-229,1727394431,2024-09-26 23:47,1,Is it going to be a hurricane in Gainesville or a tropical storm?,helene,community_discussion,hurricane|storm
lp3sgh8,t3_1fq6wzj,t1_lp3s8t0,HurricaneHelene,Wilder831,1727394512,2024-09-26 23:48,1,"Well I mean technically it’s all a hurricane but if you are asking about the wind speeds, yes it is supposed to be hurricane force winds in Gainesville with gusts up to 75 mph",helene,community_discussion,hurricane
lp47p3k,t3_1fq6wzj,t1_lp3s8t0,HurricaneHelene,AbbreviationsOk8189,1727400171,2024-09-27 01:22,1,Hurricanes and trop storm are almost the same thing my g,helene,community_discussion,storm
lp4d7ft,t3_1fq6wzj,t1_lp47p3k,HurricaneHelene,Wilder831,1727402243,2024-09-27 01:57,1,It’s dependent on wind speeds. At 74 mph it becomes a hurricane. This storm is cat 4 meaning 130 mph winds so yeah there is kind of a reasonably big difference,helene,community_discussion,hurricane|storm
lp6zbm2,t3_1fq6wzj,t3_1fq6wzj,HurricaneHelene,Wilder831,1727449020,2024-09-27 14:57,1,"This is all from my street

https://imgur.com/a/Dt1wdFB",helene,community_discussion,
lp9137f,t3_1fq6wzj,t3_1fq6wzj,HurricaneHelene,nachosquid,1727473236,2024-09-27 21:40,1,"I forget who said it but waiting for a storm is like being stalked by a snail. 

I grew up in Florida & find this absolutely true.",helene,community_discussion,storm
lp3rnfk,t3_1fqadv1,t3_1fqadv1,HurricaneHelene,lzyrose,1727394208,2024-09-26 23:43,5,Ryan Hall Yall on YouTube,helene,community_discussion,
lp3txn2,t3_1fqadv1,t1_lp3rnfk,HurricaneHelene,lesleyito,1727395070,2024-09-26 23:57,3,"OK, thank you! I found him. 

Is Google Maps’ map of projection accurate? Is there anything better? I see it is currently projected to go a bit east of Tallahassee.",helene,community_discussion,
lp3zwd4,t3_1fqadv1,t1_lp3txn2,HurricaneHelene,Mousie420,1727397299,2024-09-27 00:34,3,Looks like the eye will go just east of Tallahassee but they will definitely be impacted. I've been watching Ryan Hall and Max Velocity (another YouTube who used to work with Ryan.) NOAA radar also shows the eye going just east of Tallahassee. I hope your family is safe.,helene,community_discussion,noaa
lp40a3e,t3_1fqadv1,t1_lp3txn2,HurricaneHelene,Lozzaraptah,1727397441,2024-09-27 00:37,2,"Try zoom earth, not sure if that'll help",helene,community_discussion,
lp40gzi,t3_1fqadv1,t1_lp3zwd4,HurricaneHelene,lzyrose,1727397513,2024-09-27 00:38,3,"Yes, I also agree with Max Velocity! The two of them will follow the storm as it moves and everything is organized in one place. The weather alerts, the press releases, the radars. It’s your best source of getting real time updates as they happen. Thinking of your family, best wishes for safety",helene,community_discussion,storm|weather
lp40hxq,t3_1fqadv1,t1_lp40a3e,HurricaneHelene,lesleyito,1727397522,2024-09-27 00:38,1,I’ll try that!,helene,community_discussion,
lp42f5e,t3_1fqadv1,t3_1fqadv1,HurricaneHelene,Funny_Vegetable_676,1727398224,2024-09-27 00:50,2,Nhc.noaa.com,helene,community_discussion,noaa
lp442nw,t3_1fqadv1,t1_lp42f5e,HurricaneHelene,Wyshunu,1727398826,2024-09-27 01:00,1,[nhc.noaa.gov](http://nhc.noaa.gov),helene,community_discussion,noaa
lp44qoj,t3_1fqadv1,t1_lp442nw,HurricaneHelene,Funny_Vegetable_676,1727399071,2024-09-27 01:04,1,"Yup sorry,.gov.",helene,community_discussion,
lp4pcsm,t3_1fqadv1,t3_1fqadv1,HurricaneHelene,Glad_Speed_1078,1727407118,2024-09-27 03:18,2,Citizens connect ap tallahassee will have places for food pickups and already has open shelters listed if needed,helene,community_discussion,
lp71c24,t3_1fqadv1,t3_1fqadv1,HurricaneHelene,lesleyito,1727449676,2024-09-27 15:07,1,Parents and brother got through it OK! Parents didn’t even lose power! Hallelujah!,helene,community_discussion,power
lp71gix,t3_1fqadv1,t1_lp3rnfk,HurricaneHelene,lesleyito,1727449715,2024-09-27 15:08,2,Thank you for recommending this! I really appreciate it. Really kept me calm through it all.,helene,community_discussion,
lp8en6y,t3_1fqadv1,t3_1fqadv1,HurricaneHelene,ConorsTitaniumShin,1727465629,2024-09-27 19:33,2,I use Spaghetti Models (the page is a bit chaotic but has all the resources for tracking) and windy.com (for live radar).,helene,community_discussion,
lp9wb5w,t3_1fqadv1,t3_1fqadv1,HurricaneHelene,Flashy_Narwhal9362,1727485563,2024-09-28 01:06,2,I like the Ventusky app. So far it’s been pretty accurate.,helene,community_discussion,
lp3ubk6,t3_1fqakrm,t3_1fqakrm,HurricaneHelene,lesleyito,1727395218,2024-09-27 00:00,5,Feel sorry for the people on the first floor! 😔,helene,community_discussion,
lp3vida,t3_1fqakrm,t3_1fqakrm,HurricaneHelene,wannadance14,1727395671,2024-09-27 00:07,1,Are you in an apartment?,helene,community_discussion,
lp3xvm2,t3_1fqakrm,t1_lp3ubk6,HurricaneHelene,DosEquisVirus,1727396563,2024-09-27 00:22,2,"Jesus, it looks flooded already….",helene,community_discussion,
lp3ymi6,t3_1fqakrm,t1_lp3xvm2,HurricaneHelene,2016TRDPro,1727396838,2024-09-27 00:27,2,Just wait... It will be much worse now that it's a Cat4 tonight!,helene,community_discussion,
lp81i9w,t3_1fqakrm,t3_1fqakrm,HurricaneHelene,Exact-Ad-1307,1727461323,2024-09-27 18:22,1,I wonder how bad it is now do you have any updates.,helene,community_discussion,
lp3yrmb,t3_1fqb6n7,t3_1fqb6n7,HurricaneHelene,cahfeeNhigh,1727396890,2024-09-27 00:28,4,"Be safe, calm and collected as well as you can.  Hopefully you're prepared.",helene,community_discussion,
lp3zpa0,t3_1fqb6n7,t3_1fqb6n7,HurricaneHelene,JustHereForKA,1727397227,2024-09-27 00:33,3,"I'm in Valdosta, waiting too. It's gonna be a rough one. Y'all stay safe! It's extra scary in my opinion because it's gonna be the middle of the night, and pitch black outside. Plus the east side is the worst side.",helene,community_discussion,
lp43kzf,t3_1fqb6n7,t1_lp3yrmb,HurricaneHelene,Wyshunu,1727398646,2024-09-27 00:57,5,"Seconded.  We lived there when it was hit by a Cat 2, I can't imagine waiting out a Cat 4.  If you have to stay, plant yourself in the most interior room you can and make sure it's stocked with lanterns, batteries, portable chargers if you have them, your phones, something to do (reading helped me), water and something to eat, and some way to go to the bathroom if it's not a bathroom that you're already in.  if you have the option to evacuate to someplace safer, take it.",helene,community_discussion,
lp471ku,t3_1fqb6n7,t3_1fqb6n7,HurricaneHelene,EyCeeDedPpl,1727399926,2024-09-27 01:18,3,"I’d suggest having a backpack stocked with water, some food, flashlight, batteries, documents & medication (in a zip lock), and whatever other emergency supplies (including an axe) and have it ready to go if you need to get out fast.",helene,community_discussion,
lp4bqie,t3_1fqb6n7,t1_lp3zpa0,HurricaneHelene,Appropriate_Truck274,1727401679,2024-09-27 01:47,1,Plus you guys just got hit last year,helene,community_discussion,
lp4fin3,t3_1fqb6n7,t3_1fqb6n7,HurricaneHelene,mommymilers,1727403129,2024-09-27 02:12,2,be safe please and give us a update,helene,community_discussion,
lp4iouv,t3_1fqb6n7,t1_lp43kzf,HurricaneHelene,Kymberlayne,1727404375,2024-09-27 02:32,1,"Were you here for Hermine? God, it was so miserable not having power during that time of year. We had those three tornados ravage us back in May and that was absolutely awful too. I can’t imagine the condition of the city after this monster. All these trees.",helene,community_discussion,power
lp4iscq,t3_1fqb6n7,t1_lp3zpa0,HurricaneHelene,Kymberlayne,1727404414,2024-09-27 02:33,1,It definitely adds to the fear factor hitting in the middle of the night.,helene,community_discussion,
lp4it5g,t3_1fqb6n7,t1_lp3zpa0,HurricaneHelene,Kymberlayne,1727404423,2024-09-27 02:33,1,Stay safe too!,helene,community_discussion,
lp4j1wq,t3_1fqb6n7,t1_lp471ku,HurricaneHelene,Kymberlayne,1727404520,2024-09-27 02:35,3,We have all our essentials at hand. We won’t have a way to leave though. We had to park the car in a secure parking garage since we were pretty sure a tree would fall on the car.,helene,community_discussion,
lp4j6uf,t3_1fqb6n7,t1_lp4fin3,HurricaneHelene,Kymberlayne,1727404575,2024-09-27 02:36,3,Thank you! We still have power though I expect that’ll be out soon. The rain is definitely picking up.,helene,community_discussion,power
lp4ku18,t3_1fqb6n7,t3_1fqb6n7,HurricaneHelene,whoopitup4417,1727405234,2024-09-27 02:47,1,Praying for you all from Houston!,helene,community_discussion,
lp4n9gj,t3_1fqb6n7,t3_1fqb6n7,HurricaneHelene,Glad_Speed_1078,1727406241,2024-09-27 03:04,2,"I am hunkered down in my bathroom with a mattress downtown. there are a lot of trees. The best thing to do is be in the most interior part of your place without windows, with a mattress. so if the roof flies off or a tornado hits you maybe the debris wont kill you.",helene,community_discussion,
lp4nl1j,t3_1fqb6n7,t1_lp43kzf,HurricaneHelene,Glad_Speed_1078,1727406376,2024-09-27 03:06,4,Too late to evacuate... Stay put.. you also need a mattress of some sort to put over your head in case a tree falls on you or the roof flies off.. I took some medication so hopefully I can get some shut eye but I doubt it. I don't even want to watch a video.. maybe a book would help but I am concerned I won't hear a tornado if one hits with a video playing,helene,community_discussion,
lp4noqw,t3_1fqb6n7,t1_lp4iouv,HurricaneHelene,Glad_Speed_1078,1727406420,2024-09-27 03:07,1,Im not worried about the after effect just tonight... hopefully my roof will hold,helene,community_discussion,
lp4nwzj,t3_1fqb6n7,t1_lp4j6uf,HurricaneHelene,Glad_Speed_1078,1727406513,2024-09-27 03:08,1,my power went out for a second but some crew came out and fixed it right after?? stay safe linemen,helene,community_discussion,power
lp4pbqn,t3_1fqb6n7,t1_lp4iouv,HurricaneHelene,Wyshunu,1727407106,2024-09-27 03:18,1,"I was out of state when that one hit.  I could not get home for two weeks after because of road closures and curfews.  I started seeing damage somewhere in GA when I finally could drive home, and cried all the way to my house.  Got there at some ridiculous time in the AM, and had park in the road with flashers on and clear a spot in my driveway to be able to get the car off the road.  We were lucky - lots of big branches down but no structural damage.  We also do primitive camping so the period with no electric did not affect me so much as it did others.",helene,community_discussion,
lp4pguu,t3_1fqb6n7,t1_lp4nl1j,HurricaneHelene,Wyshunu,1727407165,2024-09-27 03:19,1,Agreed - should have mentioned the mattress.  Thank you for adding that.,helene,community_discussion,
lp4s6fc,t3_1fqb6n7,t3_1fqb6n7,HurricaneHelene,CyraXHavoc_XIII,1727408357,2024-09-27 03:39,5,"I went through cat 5 Michael and I can honestly say I feel for you. I have a few bits of advice to give:
1. Fill your tub with water if you have one
2. Keep all your important papers in a bag with you
3. Do not go near any windows, even just to take a peek 
4. Keep first aid items near your sheltering spot
5.  Keep shoes on your feet in case of broken glass
6. Make sure your phone is fully charged! Text your loved ones your current location.
7. Remember that you are strong and to not give into fear. 
I am going to be praying for you and all in its path. We are in Bay County, not too far away. You got this! Sending a huge hug, good vibes, prayers and strength your way! #850STRONG",helene,community_discussion,
lp4shrk,t3_1fqb6n7,t1_lp4nwzj,HurricaneHelene,eurekadabra,1727408500,2024-09-27 03:41,1,That’s quite impressive. They’re staying on top of it!,helene,community_discussion,
lp4sq0h,t3_1fqb6n7,t1_lp4n9gj,HurricaneHelene,eurekadabra,1727408606,2024-09-27 03:43,1,Stay safe! Wishing for the best for y’all from Atlanta,helene,community_discussion,
lp4xftd,t3_1fqb6n7,t1_lp4s6fc,HurricaneHelene,Summerie,1727410846,2024-09-27 04:20,1,"Ugh, those aftermath generator stories are always such a heartbreak.",helene,community_discussion,
lp4xpbp,t3_1fqb6n7,t1_lp4xftd,HurricaneHelene,CyraXHavoc_XIII,1727410980,2024-09-27 04:23,2,"It’s horrible, especially because some did it either not knowing it would kill them or out of desperation to keep it from being stolen.💔😔",helene,community_discussion,
lp4y0t3,t3_1fqb6n7,t1_lp4n9gj,HurricaneHelene,CyraXHavoc_XIII,1727411140,2024-09-27 04:25,1,Hey how are you doing? Are you ok? We are praying for you and those in its path. Sending good vibes and strength your way❤️,helene,community_discussion,
lp50iy6,t3_1fqb6n7,t3_1fqb6n7,HurricaneHelene,TLBG,1727412417,2024-09-27 04:46,1,Bring a whistle and a radio with batteries or a radio with a crank for power. Bring warm waterproof clothes and boots with you. Plastic. Keep ID and so on in a Ziploc bag or two of them. Don't forget your medications. Good luck.,helene,community_discussion,power
lp51lgk,t3_1fqb6n7,t1_lp4s6fc,HurricaneHelene,TLBG,1727412976,2024-09-27 04:56,5,"Also fold clothes in baggies if you have large ones. Keep a whistle nearby to alert others. I'd in baggies and keep your pets with you with food and water. Pee pads for both pets and humans and a pail. Extra boots and rain wear and so forth. Medications and if you have any ice, keep it in tgermoses etc. Matches and candles. Older cameras that don't need to use up a cell phone battery for photos of damages. Markers for notes. Flares. Books. Pillows. No bbq in a house!!No generators in a house which gives off carbon monoxide. Sending prayers to all that are left behind.",helene,community_discussion,
lp54xcz,t3_1fqb6n7,t3_1fqb6n7,HurricaneHelene,B-Run35,1727414814,2024-09-27 05:26,2,How you make out,helene,community_discussion,
lp5y11q,t3_1fqb6n7,t3_1fqb6n7,HurricaneHelene,continue_to_monitor,1727433921,2024-09-27 10:45,1,How are you guys doing?,helene,community_discussion,
lp67nkx,t3_1fqb6n7,t3_1fqb6n7,HurricaneHelene,sarah6804,1727438783,2024-09-27 12:06,1,Just wanted to see how you guys made it through the storm. Hope all is good. Just a lot of flooding here in Tampa.,helene,community_discussion,storm
lp6ylka,t3_1fqb6n7,t3_1fqb6n7,HurricaneHelene,lesleyito,1727448787,2024-09-27 14:53,1,"I hope you were OK. My parents in Southwood never lost power. My brother in another part of the city wasn’t so lucky. Tally was a lot luckier than Treasure Island, so it seems.",helene,community_discussion,power
lp6yrss,t3_1fqb6n7,t1_lp4j1wq,HurricaneHelene,lesleyito,1727448843,2024-09-27 14:54,1,Gotta watch out for the trees in Tally. My brother lost his windshield last hurricane.,helene,community_discussion,hurricane
lp72uyt,t3_1fqb6n7,t3_1fqb6n7,HurricaneHelene,lake_gypsy,1727450171,2024-09-27 15:16,1,How's everything now? I may be heading to the hurricane ground zero for storm recovery. My company does vegetation management contracts for power companies.,helene,community_discussion,hurricane|storm|power
lp7iqb4,t3_1fqb6n7,t3_1fqb6n7,HurricaneHelene,Theadjusterlu_,1727455282,2024-09-27 16:41,0,"🌪️ **Attention Homeowners Affected by Hurricane Helene!** 🌪️

In the aftermath of Hurricane Helene, many are left dealing with the stress of property damage and insurance claims. That’s where we come in!

🔧 **Why Choose a Public Adjuster?**

1. **Expertise at Your Fingertips**: Navigating the insurance claims process can be overwhelming. Our experienced public adjusters understand the complexities, ensuring you receive the maximum compensation you deserve.

2. **Advocates for You**: Unlike insurance company adjusters, we work solely for you. Our mission is to protect your rights and interests, ensuring a fair assessment of your damages.

3. **Thorough Assessments**: We meticulously evaluate your property, document every detail of the damage, and prepare a comprehensive claim to present to your insurance company.

4. **Faster Claims Processing**: With our expert advocacy, claims are often processed quicker, getting you back on your feet sooner rather than later.

5. **Stress Relief**: Let us handle the red tape while you focus on rebuilding your life. Our team is here to guide and support you every step of the way.

🛠️ **Don’t Go it Alone!** 

If your home has suffered damage due to Hurricane Helene, reach out today. Let our dedicated team help you navigate the path to recovery. 

📞 **Contact Us Today for a Free Consultation!** 📞 

Together, we can rebuild stronger than ever! 💪🏠 

#PublicAdjusting #HurricaneHelene #InsuranceClaims #HomeRecovery #WeAreHereForYou",helene,community_discussion,hurricane|helene
lp8l083,t3_1fqb6n7,t3_1fqb6n7,HurricaneHelene,flymeinthemix,1727467727,2024-09-27 20:08,2,Checking in on OP?,helene,community_discussion,
lpatl8k,t3_1fqb6n7,t3_1fqb6n7,HurricaneHelene,CZ-Bitcoins,1727501312,2024-09-28 05:28,2,OP?,helene,community_discussion,
lrt71ya,t3_1fqb6n7,t1_lp4y0t3,HurricaneHelene,Glad_Speed_1078,1728868352,2024-10-14 01:12,1,Im good just a lot of wind.,helene,community_discussion,
lp42wxx,t3_1fqbiji,t3_1fqbiji,HurricaneHelene,beeryvonbeery,1727398404,2024-09-27 00:53,1,Yes landfall about 2 happen nowish in perry fl. ,helene,community_discussion,
lp43kss,t3_1fqbiji,t1_lp42wxx,HurricaneHelene,AbbreviationsOk8189,1727398644,2024-09-27 00:57,2,Damn im sorry to here about them but im glad it missed thank you,helene,community_discussion,
lp45x50,t3_1fqbiji,t1_lp43kss,HurricaneHelene,beeryvonbeery,1727399507,2024-09-27 01:11,1,The bad stuff keeps happening though...if u get a surge it probs will happen fast the outer bands r still rough In South florida,helene,community_discussion,
lp46493,t3_1fqbiji,t3_1fqbiji,HurricaneHelene,AbbreviationsOk8189,1727399581,2024-09-27 01:13,1,Dang that’s crazy I’m hoping we all make it through this one,helene,community_discussion,
lp5ltah,t3_1fqbiji,t3_1fqbiji,HurricaneHelene,Electronic_Price6852,1727425829,2024-09-27 08:30,1,can you provide an update on flooding when you get a chance? how high over the sea wall?,helene,community_discussion,
lp46f7x,t3_1fqbn5s,t3_1fqbn5s,HurricaneHelene,2016TRDPro,1727399694,2024-09-27 01:14,2,"Yep.  This one is a real bad one.

It's well organized and still picking up strength. 

Tallahassee and that area is in big trouble overnight.",helene,community_discussion,
lp47cql,t3_1fqbn5s,t3_1fqbn5s,HurricaneHelene,Char13t-75,1727400043,2024-09-27 01:20,8,I was looking up stuff about Helene. It’s apparently one of the largest ones yet. Hitting a lot of areas not accustomed to heavy flooding of the magnitude we might see. That alone might be a serious problem.,helene,community_discussion,helene
lp484ex,t3_1fqbn5s,t3_1fqbn5s,HurricaneHelene,Mousie420,1727400330,2024-09-27 01:25,3,"Checkout Ryan Hall on YouTube. Educational, live footage. Storm chasers in the area. Tons of info",helene,community_discussion,storm
lp4u1ns,t3_1fqbn5s,t1_lp484ex,HurricaneHelene,2016TRDPro,1727409211,2024-09-27 03:53,1,Thank you.  I'll check him out.,helene,community_discussion,
lp4xovf,t3_1fqbn5s,t1_lp4u1ns,HurricaneHelene,Summerie,1727410974,2024-09-27 04:22,2,"Yep. Channel is ""Ryan Hall, Y'all"". Best coverage I've seen.",helene,community_discussion,
lp50g7h,t3_1fqbn5s,t1_lp484ex,HurricaneHelene,QuietDepartment8488,1727412377,2024-09-27 04:46,1,I love the Ryan Hall Y'all channel especially for midwest tornado coverage and money he raises through his channel him and his team go to locations and feed/ help people out with supplies and stuff,helene,community_discussion,
lp54iit,t3_1fqbn5s,t3_1fqbn5s,HurricaneHelene,Lower_Ad_5532,1727414580,2024-09-27 05:23,3,Officials just announced for the hunker down crowd to put their ID in permenant marker on their skin so their bodies can be identified after the storm.,helene,community_discussion,storm
lp8qmoi,t3_1fqbn5s,t1_lp47cql,HurricaneHelene,Darkest-fae,1727469598,2024-09-27 20:39,1,"It's proving to be a Very serious problem.
I have friends without power who I have lost contact to.. They live in valleys, on a mountain side, and one in a trailer. I was on the phone with one and the line suddenly went dead and I haven't been able to reach them since... I guess I can only wait and hope for the best...",helene,community_discussion,power
lp95eaq,t3_1fqbn5s,t3_1fqbn5s,HurricaneHelene,Darkest-fae,1727474810,2024-09-27 22:06,1,"I was watching it all on tik tok live from the people that didn't evacuate the danger zones. 
Went from parties and simple storm watching, to flooding, to some of these  people having to be on their rooftops and now extremely distressed.
Watched a car get taken away by the waves
There was one on a rooftop mentioning that their neighbor was in the house next door and had not come out when the water was almost above the upper windows... One after another I saw power go out in different towns and cities, even emergency lights failed in the storm this was seconds, and minutes apart.
Saw a garage that was half underwater, while also on fire.
Another person on their rooftop, and the 3rd house down just got up, and floated away...
Some guy got trapped in his car.
And another person was co hosting with a rescue person who was warning them not to touch the water as it may be electrified.
Watched some guy weather the storm in a tent of all things...
And saddest of all, a live was stopped because they found a body floating by. (Not sad it stopped, sad for the poor soul)",helene,community_discussion,storm|power|weather
lpc3ma1,t3_1fqbn5s,t1_lp54iit,HurricaneHelene,Strong-Equivalent-39,1727529615,2024-09-28 13:20,1,I,helene,community_discussion,
lpddy7d,t3_1fqbn5s,t1_lp95eaq,HurricaneHelene,Dense_Promise_3953,1727546052,2024-09-28 17:54,1,🙏🏼 ,helene,community_discussion,
lp47fea,t3_1fqbvf1,t3_1fqbvf1,HurricaneHelene,AbbreviationsOk8189,1727400071,2024-09-27 01:21,5,It seems to be as bad a Katrina at least,helene,community_discussion,
lp4c6ei,t3_1fqbvf1,t3_1fqbvf1,HurricaneHelene,lunarpouch,1727401849,2024-09-27 01:50,3,"Depends a lot of the ""is"" in that sentence. The wind speeds and expected storm surge are pretty comparable, but Helene is almost twice as wide as Hugo. The biggest comparison is that in the way places inland like Charlotte were not usually prepared for hurricane-level storms when Hugo showed them what it means, Atlanta is about to get hit hard and learn too.",helene,community_discussion,hurricane|storm|helene
lp4l0uy,t3_1fqbvf1,t1_lp4c6ei,HurricaneHelene,ReboobyQ,1727405310,2024-09-27 02:48,3,I was in and I am still in Charlotte 😕,helene,community_discussion,
lp4skve,t3_1fqbvf1,t1_lp4c6ei,HurricaneHelene,camelot107,1727408539,2024-09-27 03:42,2,"ATL here, rain and wind is picking up",helene,community_discussion,
lp4st15,t3_1fqbvf1,t3_1fqbvf1,HurricaneHelene,2016TRDPro,1727408645,2024-09-27 03:44,2,"It's yet to be determined, but it's probably not going to be quite as bad as Hugo.",helene,community_discussion,
lp4vjf6,t3_1fqbvf1,t1_lp4skve,HurricaneHelene,Audrey2220,1727409911,2024-09-27 04:05,1,Yeah. Raining pretty hard on my side of Atl. I’m south near the airport,helene,community_discussion,
lp7g2bb,t3_1fqbvf1,t3_1fqbvf1,HurricaneHelene,GarnetandBlack,1727454416,2024-09-27 16:26,3,"Hugo was 89, category 5 with 160mph sustained winds, moving at about half the speed of Helene (9-14mph), and it slammed into Charleston SC (175 miles from Charlotte). 

Helene is a category 4 with 140mph sustained winds, moving at 23mph+, hit FL big bend (400 miles from Charlotte).",helene,community_discussion,category|helene
lp7g5de,t3_1fqbvf1,t1_lp7g2bb,HurricaneHelene,ReboobyQ,1727454443,2024-09-27 16:27,1,"Oops, thank you for the correction",helene,community_discussion,
lp9x9y5,t3_1fqbvf1,t1_lp47fea,HurricaneHelene,ThenRatio7752,1727485971,2024-09-28 01:12,0,"This is no where near katrina don’t lie now.

This storm isn’t even as bad as wilma or irma",helene,community_discussion,storm
lpa0vfi,t3_1fqbvf1,t3_1fqbvf1,HurricaneHelene,ThenRatio7752,1727487503,2024-09-28 01:38,2,Hurricane hugo was worse but helene isn’t to be slept on,helene,community_discussion,hurricane|helene
lpbvbep,t3_1fqbvf1,t1_lp7g2bb,HurricaneHelene,Ill_Sheepherder_5134,1727525855,2024-09-28 12:17,1,Indiana got nailed by Hugo!!,helene,community_discussion,
lpe5ly3,t3_1fqbvf1,t3_1fqbvf1,HurricaneHelene,Otherwise_Pickle4265,1727555667,2024-09-28 20:34,1,What would be the best route of travel from NC to TN at this point? Through VA or GA?,helene,community_discussion,
lpfdhzj,t3_1fqbvf1,t1_lpe5ly3,HurricaneHelene,Level-Geologist2418,1727572537,2024-09-29 01:15,1,Where in NC are you departing from?,helene,community_discussion,
lphvgne,t3_1fqbvf1,t1_lp9x9y5,HurricaneHelene,Acceptable-Egg3037,1727620487,2024-09-29 14:34,3,"Get out of your bubble, they're still pulling dead people out of sand dunes on the coast of Pinellas County. More people died in Katrina but it ""only"" caused $161 billion in damage back in 2005. 

Early estimates were $11B of damage from Helene, but if the total cost of this storm is under $200B I will eat my fucking hat. With inflation on top of the amount of damage, I am confident in saying this will be the most expensive storm in US history.",helene,community_discussion,storm|helene
lpipya5,t3_1fqbvf1,t1_lphvgne,HurricaneHelene,ThenRatio7752,1727630577,2024-09-29 17:22,0,"Not even close

Irma,andrew,wilma,sandy,and katrina were far worse",helene,community_discussion,
lpjlfpg,t3_1fqbvf1,t1_lpfdhzj,HurricaneHelene,Otherwise_Pickle4265,1727640223,2024-09-29 20:03,1,Charlotte area!,helene,community_discussion,
lpjtl89,t3_1fqbvf1,t1_lpjlfpg,HurricaneHelene,Level-Geologist2418,1727642762,2024-09-29 20:46,1,"I think your best bet is going to be 77N and get on 81S in Wytheville, VA.",helene,community_discussion,
lpjugla,t3_1fqbvf1,t1_lpjtl89,HurricaneHelene,Otherwise_Pickle4265,1727643033,2024-09-29 20:50,1,I appreciate it! Ive heard people trying to go through ATL to get to Nashville…but that sounds really dumb lol,helene,community_discussion,
lpjuz3a,t3_1fqbvf1,t1_lpjugla,HurricaneHelene,Level-Geologist2418,1727643197,2024-09-29 20:53,1,😂I try to avoid going through ATL at all cost at all times!,helene,community_discussion,
lpk4u7j,t3_1fqbvf1,t1_lpipya5,HurricaneHelene,Acceptable-Egg3037,1727646517,2024-09-29 21:48,1,"I'm saying that this storm will likely cost more than all of those. Not that the destruction levels are higher, but the expense will be.",helene,community_discussion,storm
lpk5eq0,t3_1fqbvf1,t1_lpk4u7j,HurricaneHelene,ThenRatio7752,1727646719,2024-09-29 21:51,0,"That’s fair.

The recent estimates for this storm are in between 85b-110b rn.",helene,community_discussion,storm
lpk67j0,t3_1fqbvf1,t1_lpk5eq0,HurricaneHelene,Acceptable-Egg3037,1727647003,2024-09-29 21:56,2,"Right, they started at 11b and are already up to 110B. 

Some places around me still don't have power and residents arent allowed to come back to their island. I stand by the idea that estimates are incomplete and are still incredibly conservative at this point. $200B will make this a record storm and I don't think that's a hard bar for it to clear.",helene,community_discussion,storm|power
lpy8xru,t3_1fqbvf1,t1_lp9x9y5,HurricaneHelene,No-Information5300,1727861591,2024-10-02 09:33,2,It’s Katrina-levels because it’s literally Geological (bigger than biblical) — the storm changed the literal landscape of the earth and the Appalachain Mountains in a way we haven’t seen in our lifetimes. Katrina’s impact was felt due to the failure of infrastructure. Helene’s impact is due to the way she literally re-molded the face of the earth like play-do. It’s just *different.*,helene,community_discussion,storm|helene
lq1ard1,t3_1fqbvf1,t1_lpy8xru,HurricaneHelene,ThenRatio7752,1727901970,2024-10-02 20:46,1,Yea i saw the aftermath and its bad 😬,helene,community_discussion,
nghoe2m,t3_1fqbvf1,t1_lpipya5,HurricaneHelene,EntrepreneurNo4138,1758985672,2025-09-27 15:07,2,"Hugo in 89 and Andrew in 92 were Cabo Verde storms off the coast of Africa, there’s just no storm like them because of the power they pick up over thousands of miles of ocean. If they make it they’re fierce.  Helene didn’t to these storms or Katrina, however Helene will be the most expensive because it hit at a peak building supply costs. People started their Covid renovations, and the prices never came down.  

I lived in Myrtle Beach SC during Hugo, I evacuated to my moms. I would have been safer at my home at the beach, I wasn’t on the water, it put me closer to the eye.  We were close to 140mph sustained winds, you pray everything holds. Trees were flying, sounds you couldn’t remotely identify, tornadoes that you couldn’t see - you could just hear.  Hell for hours.  

The people of Katrina never stood a chance because of the levees, an out and out tragedy. I’ve been through hurricanes almost every year of my life for 62 years, I have jumped bags now, we have a plan we evacuate when needed. Between SC and Florida I’ve never lived off the ocean, it’s all I know 

People that deliberately try to experience these things are fools.  It’s a quick way to lose your life or cause someone else to lose theirs trying to help you.",helene,community_discussion,storm|power|helene
lp4df1u,t3_1fqc407,t3_1fqc407,HurricaneHelene,FloGrownGal2020,1727402322,2024-09-27 01:58,4,"I'm praying for all in the path of this storm, too. Also terrified. My family and I are east of Tallahassee. This area has never been hit with a cat 4 in my lifetime. Stay safe, y'all.",helene,community_discussion,storm
lp4sv5s,t3_1fqc407,t3_1fqc407,HurricaneHelene,CyraXHavoc_XIII,1727408672,2024-09-27 03:44,1,"![gif](giphy|IlkOQrznkQorQfRljX)

I am praying for all I the path of this tempest. May we all be spared!",helene,community_discussion,
lp4txud,t3_1fqc407,t1_lp4df1u,HurricaneHelene,2016TRDPro,1727409163,2024-09-27 03:52,1,Prayers going out for them right now!,helene,community_discussion,
lp5fvzb,t3_1fqdiqm,t3_1fqdiqm,HurricaneHelene,Shalerb93,1727421682,2024-09-27 07:21,2,Where are you viewing this by chance? Looks really good and indepth.,helene,community_discussion,
lp5gdsr,t3_1fqdiqm,t1_lp5fvzb,HurricaneHelene,2016TRDPro,1727422023,2024-09-27 07:27,1,"On my Android devices, using the MyRadar app.",helene,community_discussion,
lpc50v8,t3_1fqdiqm,t3_1fqdiqm,HurricaneHelene,Nam7878,1727530205,2024-09-28 13:30,2,"That track was completely wrong. Just a few hours later the storm is slamming Augusta, Georgia. The GFS, Icon, and HAFS models predicted the correct track. The errant track is from the NHC and unfortunately that is what most media sources use.",helene,community_discussion,storm
lpcxduy,t3_1fqdiqm,t1_lpc50v8,HurricaneHelene,2016TRDPro,1727540455,2024-09-28 16:20,1,"The news loves people to be harmed for their ratings.

""IF IT BLEEDS, IT LEADS!""",helene,community_discussion,
lp4sb6h,t3_1fqek9h,t3_1fqek9h,HurricaneHelene,2016TRDPro,1727408417,2024-09-27 03:40,6,"No, the storm eye has passed you, but there's still a chance for more rain and tornadoes until it's completely past us in the Tampa area.

The next high tide is at 1:42am, so expect rising flood waters then.",helene,community_discussion,storm|flood
lp758ph,t3_1fqek9h,t3_1fqek9h,HurricaneHelene,specialk1st,1727450938,2024-09-27 15:28,2,It is EXTREMELY EXTREMELY RARE for a hurricane to loopback it doesn't happen often. For Tampa Bay/Hillsborough county weather just follow Denis Phillips from ABC Action News he'll keep you alive so do whateverhe says. So much so that the other meteorologist copy him.,helene,community_discussion,hurricane|weather
lp4yyz2,t3_1fqfce9,t3_1fqfce9,HurricaneHelene,CyraXHavoc_XIII,1727411615,2024-09-27 04:33,1,"From what I can tell, they got the outer bands of it, the storm is further up now. I think they are ok for the most part, mostly storm surge and rain.",helene,community_discussion,storm
lp551iw,t3_1fqfce9,t3_1fqfce9,HurricaneHelene,2016TRDPro,1727414880,2024-09-27 05:28,1,"Spring Hill is perfectly fine.

There's no reported power outages in Spring Hill.",helene,community_discussion,power
lp57o8i,t3_1fqfce9,t1_lp4yyz2,HurricaneHelene,Front_Victory2776,1727416420,2024-09-27 05:53,2,Ok thank you. The news was saying 12’ storm surges there…,helene,community_discussion,storm
muaiqu6,t3_1fqfce9,t3_1fqfce9,HurricaneHelene,Party_Employee8755,1748234726,2025-05-26 04:45,1,.,helene,community_discussion,
lp4yatg,t3_1fqfmc1,t3_1fqfmc1,HurricaneHelene,Summerie,1727411275,2024-09-27 04:27,6,"Live cameras, storm chasers out reporting back, up to date info. 

[Live Stream Helene Coverage](https://www.youtube.com/live/46kevrFMugo?si=odTIWcxaqqRWvPn6)",helene,community_discussion,storm|helene
lp552c1,t3_1fqfmc1,t3_1fqfmc1,HurricaneHelene,berhozen,1727414892,2024-09-27 05:28,4,"He is the man. Moved to Texas from AZ, not used to crazy weather. He is always on when the weather is sketchy.",helene,community_discussion,weather
lp5cycr,t3_1fqfmc1,t3_1fqfmc1,HurricaneHelene,[deleted],1727419733,2024-09-27 06:48,1,[removed],helene,community_discussion,
lp6h4ok,t3_1fqfmc1,t3_1fqfmc1,HurricaneHelene,spiderdue,1727442693,2024-09-27 13:11,4,I saw a link in a reddit post. Immediately watched and subscribed! RyanHallYall on YouTube had several storm chasers out and about reporting on what was happening in different cities and giving updates. One stationary camera just watched the flooding. It eventually went under. People were rooting for the camera to stay alive.,helene,community_discussion,storm
lp70ycl,t3_1fqfmc1,t3_1fqfmc1,HurricaneHelene,lesleyito,1727449550,2024-09-27 15:05,2,It was excellent coverage and I’m thankful to the person in this sub who recommended it.,helene,community_discussion,
lp79ea5,t3_1fqfmc1,t1_lp70ycl,HurricaneHelene,kj468101,1727452265,2024-09-27 15:51,2,"Plus no ads, and any stream donations go towards the relief efforts! He's my go-to now, the cable news reports were awful and fear-mongering.",helene,community_discussion,
lp8js07,t3_1fqfmc1,t3_1fqfmc1,HurricaneHelene,sapientiaeultio,1727467315,2024-09-27 20:01,2,That was the BEST storm coverage ever.,helene,community_discussion,storm
lpapc39,t3_1fqfmc1,t3_1fqfmc1,HurricaneHelene,OldSchool8252,1727498868,2024-09-28 04:47,2,"Ryan Hall is fantastic, we watch his channel all the time.",helene,community_discussion,
lpr00m5,t3_1fqfmc1,t1_lpapc39,HurricaneHelene,Interesting-Bison108,1727748235,2024-10-01 02:03,1,Me too!,helene,community_discussion,
lp55xxd,t3_1fqgi41,t3_1fqgi41,HurricaneHelene,2016TRDPro,1727415401,2024-09-27 05:36,1,They should be after effected areas are clear of the storm.,helene,community_discussion,storm
lp561fl,t3_1fqgi41,t3_1fqgi41,HurricaneHelene,2016TRDPro,1727415458,2024-09-27 05:37,2,"They should be after effected areas are clear of the storm, unless they don't have power.",helene,community_discussion,storm|power
lp6tx9s,t3_1fqgi41,t3_1fqgi41,HurricaneHelene,SwishyFinsGo,1727447254,2024-09-27 14:27,1,"Waffle House was a code red in some areas last night. 

Not sure what's going on, but you could see if they are open today. 

If waffle House is closed, everything is closed.",helene,community_discussion,
lp56fpk,t3_1fqgiam,t3_1fqgiam,HurricaneHelene,KermitMadMan,1727415690,2024-09-27 05:41,4,take care!,helene,community_discussion,
lp57ixr,t3_1fqgiam,t1_lp56fpk,HurricaneHelene,Audrey2220,1727416334,2024-09-27 05:52,5,Power just popped back on. Everyone be safe. Bed time. Have to see if employer seriously thinks we are still working tomorrow,helene,community_discussion,power
lpkqi65,t3_1fqgsk9,t3_1fqgsk9,HurricaneHelene,Ok-Neighborhood318,1727654638,2024-09-30 00:03,2,It's not welcome back to NC either,helene,community_discussion,
lpkut6i,t3_1fqgsk9,t1_lpkqi65,HurricaneHelene,2016TRDPro,1727656354,2024-09-30 00:32,2,Amen!,helene,community_discussion,
lp6193l,t3_1fqid5c,t3_1fqid5c,HurricaneHelene,timstir1,1727435686,2024-09-27 11:14,2,Any daytime photos? Is the island accessible?,helene,community_discussion,
lp71uh2,t3_1fqlaf7,t3_1fqlaf7,HurricaneHelene,Diamondback424,1727449841,2024-09-27 15:10,1,The shot of people driving on that bridge in the flood waters is absolutely insane.,helene,community_discussion,flood
lp6pclb,t3_1fqmgfi,t3_1fqmgfi,HurricaneHelene,Responsible-Wall-164,1727445686,2024-09-27 14:01,2,"An Avacado! Thanks…
In all seriousness, Alabama native here worried about my neighbors in Georgia and Florida. I hope we start to hear updates soon.",helene,community_discussion,
lp6qt87,t3_1fqohrq,t3_1fqohrq,HurricaneHelene,Ok_Interview845,1727446194,2024-09-27 14:09,5,For now,helene,community_discussion,
lp6tjz5,t3_1fqohrq,t3_1fqohrq,HurricaneHelene,Shartfer_brains,1727447128,2024-09-27 14:25,7,"Or ya know, God could've not sent thousands of people to financial ruin.  I'm sincerely glad you're okay and there's only 7 confirmed deaths, but attributing God for only 7 deaths feels....silly?",helene,community_discussion,
lp7t15k,t3_1fqohrq,t1_lp6tjz5,HurricaneHelene,Mad-cat1865,1727458588,2024-09-27 17:36,2,"Agreed, I've never understood this way of thinking.",helene,community_discussion,
lp817ui,t3_1fqohrq,t3_1fqohrq,HurricaneHelene,Seaforme,1727461228,2024-09-27 18:20,5,"The death count is low because disaster recovery hasn't begun yet, nobody's sifted through wreckage, etc. All reported deaths are because there was someone to witness it.",helene,community_discussion,
lp85sfh,t3_1fqohrq,t3_1fqohrq,HurricaneHelene,PersonalityTough9349,1727462719,2024-09-27 18:45,3,L,helene,community_discussion,
lp8a6j6,t3_1fqohrq,t3_1fqohrq,HurricaneHelene,Revolutionary-Beat64,1727464156,2024-09-27 19:09,2,There is going to be many more deaths when they check the damage,helene,community_discussion,
lp8ey8t,t3_1fqohrq,t3_1fqohrq,HurricaneHelene,Char13t-75,1727465728,2024-09-27 19:35,2,"Definitely spoke too soon, as the death count has gone up to around 25-35.",helene,community_discussion,
lp9ayss,t3_1fqohrq,t3_1fqohrq,HurricaneHelene,lilith_-_-,1727476950,2024-09-27 22:42,5,As god lets us burn the world to the ground and make nearly ever species extinct before taking ourselves out from our own selfish and thoughtless desires,helene,community_discussion,
lp9dfx3,t3_1fqohrq,t3_1fqohrq,HurricaneHelene,youneedsupplydepots,1727477920,2024-09-27 22:58,3,Religion is a mental illnesses,helene,community_discussion,
lp9gpy9,t3_1fqohrq,t3_1fqohrq,HurricaneHelene,lilith_-_-,1727479207,2024-09-27 23:20,2,50+ deaths and counting,helene,community_discussion,
lp9im43,t3_1fqohrq,t1_lp9gpy9,HurricaneHelene,SquirtingPrincess23,1727479954,2024-09-27 23:32,-1,😭😭 I had an ADHD (I’m diagnosed 🤣)moment and completely forgot about the fact that search and rescue happens After the event has cleared. 😭 I’m just thanking God all my loved ones in Florida are accounted for! 😭🥰🙏🏻,helene,community_discussion,
lp9owo8,t3_1fqohrq,t1_lp9im43,HurricaneHelene,lilith_-_-,1727482496,2024-09-28 00:14,2,Ah gotcha lmao,helene,community_discussion,
lpb2myv,t3_1fqohrq,t1_lp9ayss,HurricaneHelene,Mr_Neonz,1727507027,2024-09-28 07:03,2,Always interesting to witness the silence of god. The only thing which seems to respond are the consequences of our actions.,helene,community_discussion,
lpb2r3y,t3_1fqohrq,t1_lpb2myv,HurricaneHelene,lilith_-_-,1727507102,2024-09-28 07:05,1,"If god exists he abandoned us many, many years ago.",helene,community_discussion,
lpb6r1z,t3_1fqohrq,t3_1fqohrq,HurricaneHelene,Superb_Extent_179,1727509819,2024-09-28 07:50,1,Praise Ronnie DeSantis! He protected you!,helene,community_discussion,
lpbzg9r,t3_1fqohrq,t1_lp9ayss,HurricaneHelene,Major_Match8368,1727527802,2024-09-28 12:50,1,Hurricanes have been happening for millions of years I’m pretty sure it’s not much to do with punishment,helene,community_discussion,
lpck9ih,t3_1fqohrq,t1_lpbzg9r,HurricaneHelene,lilith_-_-,1727535916,2024-09-28 15:05,1,I’m talking bout climate change.,helene,community_discussion,
lpdhbky,t3_1fqohrq,t1_lpb2r3y,HurricaneHelene,Mr_Neonz,1727547196,2024-09-28 18:13,2,Whichever ethereal being that may of been must’ve made a Reddit or 4Chan account before immediately witnessing the most cursed of human media.,helene,community_discussion,
lpe8xma,t3_1fqohrq,t1_lpck9ih,HurricaneHelene,Major_Match8368,1727556833,2024-09-28 20:53,1,Valid. My apologies,helene,community_discussion,
lpebg95,t3_1fqohrq,t1_lpe8xma,HurricaneHelene,lilith_-_-,1727557743,2024-09-28 21:09,1,No worries!!,helene,community_discussion,
lpghl7f,t3_1fqohrq,t3_1fqohrq,HurricaneHelene,jbm8b,1727592447,2024-09-29 06:47,1,One of the dumbest things I've seen today. The Thoughts and Prayers Crew is always reliable for a good laugh. What a joke.,helene,community_discussion,
lpi1dw7,t3_1fqohrq,t3_1fqohrq,HurricaneHelene,Effective_Orchid4421,1727622568,2024-09-29 15:09,1,So far they've found 64 passed away...,helene,community_discussion,
lpkw6oq,t3_1fqohrq,t3_1fqohrq,HurricaneHelene,_perc30enthusiast,1727656889,2024-09-30 00:41,1,You have got to be smarter than you are if you’re commenting this. Come on man what the hell is this,helene,community_discussion,
lp6uqw4,t3_1fqp3t5,t3_1fqp3t5,HurricaneHelene,eurekadabra,1727447529,2024-09-27 14:32,1,Typo: Stay safe!!,helene,community_discussion,
lp7xvuw,t3_1fqp3t5,t3_1fqp3t5,HurricaneHelene,major24262829,1727460139,2024-09-27 18:02,1,Anything about Alpharetta? My son lives there.,helene,community_discussion,
lp7i7x5,t3_1fqpaxj,t3_1fqpaxj,HurricaneHelene,Big_You_8936,1727455117,2024-09-27 16:38,1,Well it’s stormy here in Harrisonburg but otherwise fine,helene,community_discussion,
lp7o6dy,t3_1fqpaxj,t3_1fqpaxj,HurricaneHelene,Limp_Star_1295,1727457040,2024-09-27 17:10,2,Tampa here. Storm surge higher than anyone’s seen in a long time. Weather wasn’t too bad but around 10 the water started to climb and didn’t stop until around 3. Lots of first floors and garages flooded. Also a few Teslas exploded,helene,community_discussion,storm|weather
lp847xj,t3_1fqpaxj,t3_1fqpaxj,HurricaneHelene,herenowjal,1727462206,2024-09-27 18:36,2,We dodged a bullet in the Florida Keys. Apart from loosing some branches and weak limbs we came through fine. We didn’t even loose power. Prayers and good vibes for those in the path of this powerful storm.,helene,community_discussion,storm|power
lp8qkob,t3_1fqpaxj,t3_1fqpaxj,HurricaneHelene,evey_17,1727469579,2024-09-27 20:39,1,Dodged bullets in SWGa and Orlando. She went a hard east unlike the track or cone.,helene,community_discussion,
lp8rki5,t3_1fqpaxj,t1_lp7o6dy,HurricaneHelene,evey_17,1727469910,2024-09-27 20:45,1,How was much surge? I think it could have  surged a scary number like 8 ft.,helene,community_discussion,
lpajya9,t3_1fqpaxj,t1_lp8rki5,HurricaneHelene,Limp_Star_1295,1727496006,2024-09-28 04:00,1,Yeah I think it was roughly that,helene,community_discussion,
lpaleox,t3_1fqpaxj,t3_1fqpaxj,HurricaneHelene,redspikedog,1727496752,2024-09-28 04:12,1,"In California, dodged a bullet.

![gif](giphy|xVpUhR49z4F14vWJZ5|downsized)",helene,community_discussion,
lpb4xjs,t3_1fqpaxj,t3_1fqpaxj,HurricaneHelene,Soft-Juggernaut7699,1727508557,2024-09-28 07:29,1,Panama city beach clear as day all night. A little drizzle of rain,helene,community_discussion,
lpboezl,t3_1fqpaxj,t3_1fqpaxj,HurricaneHelene,spinbutton,1727522115,2024-09-28 11:15,1,"Raleigh is fine. 

The mountains here in NC....devastated. No power, many, many, many roads washed out. Interstate 40 between NC and Tenn washed out. Not only have people lost their lives, their pets, their homes, their jobs and businesses - we're on the cusp of fall leaf season - so no money coming in this fall at all. A complete disaster in every sense of the word. 

If you can, please find a reputable relief organization.",helene,community_discussion,power
lpmlaec,t3_1fqpaxj,t1_lpaleox,HurricaneHelene,Beautiful-Grape-7370,1727690238,2024-09-30 09:57,1,"I'm not sure if you think that's funny or what. Sometimes when I am trapped with a person saying this I think they don't understand their own dangers, their own geographic dangers. It hasn't hit them yet. I'm not saying this to wish it on you, I don't have to. You will get yours. Everyone has a worst day of their life. The whole world is violent and volatile. You have not made peace with that probably. When I'm angry and exhausted I say ""Don't you worry, your ticket is already punched just like everyone else, Sparky.""",helene,community_discussion,
lp7tt7u,t3_1fqs1p4,t3_1fqs1p4,HurricaneHelene,BahamaArtist242,1727458836,2024-09-27 17:40,1,Pic?,helene,community_discussion,
lp81obn,t3_1fqs1p4,t3_1fqs1p4,HurricaneHelene,Exact-Ad-1307,1727461377,2024-09-27 18:22,1,Do you have any pictures.,helene,community_discussion,
lp83b8i,t3_1fqs1p4,t1_lp7tt7u,HurricaneHelene,Katherine_Tyler,1727461910,2024-09-27 18:31,2,https://preview.redd.it/fj281m54berd1.jpeg?width=4032&format=pjpg&auto=webp&s=04fde6fb866e0b5b11ad75bc9a99e7c11b97a48a,helene,community_discussion,
lp83gxx,t3_1fqs1p4,t1_lp81obn,HurricaneHelene,Katherine_Tyler,1727461962,2024-09-27 18:32,1,https://preview.redd.it/dweecb89berd1.jpeg?width=4032&format=pjpg&auto=webp&s=83535a229c773f66e82c015059f81b7b809bbad8,helene,community_discussion,
lp846r8,t3_1fqs1p4,t1_lp83b8i,HurricaneHelene,BahamaArtist242,1727462195,2024-09-27 18:36,1,No worries. Glad you're ok,helene,community_discussion,
lp84wf5,t3_1fqs1p4,t1_lp846r8,HurricaneHelene,Katherine_Tyler,1727462429,2024-09-27 18:40,1,"Thank you.  Not sure where you or your family are, but I hope they are all safe.

I'm in southern West Virginia.  That's how far away Helene's winds affected people.",helene,community_discussion,helene
lp8ei1f,t3_1fqs1p4,t1_lp84wf5,HurricaneHelene,BahamaArtist242,1727465581,2024-09-27 19:33,1,"We are in Abaco, Bahamas. We had a feeder band from the hurricane at about 3am this morning. Not too bad though. We're all safe and praying for the ones affected.",helene,community_discussion,hurricane
lp8jqy1,t3_1fqs1p4,t1_lp8ei1f,HurricaneHelene,Katherine_Tyler,1727467306,2024-09-27 20:01,2,My husband and I visited Grand Bahama in 2000.  We had a wonderful time!,helene,community_discussion,
lp8s9tx,t3_1fqs1p4,t3_1fqs1p4,HurricaneHelene,evey_17,1727470143,2024-09-27 20:49,1,I am sorry about that. I am glad you are ok.,helene,community_discussion,
lpa9os1,t3_1fqs1p4,t1_lp8s9tx,HurricaneHelene,Exact-Ad-1307,1727491308,2024-09-28 02:41,1,Hope everyone is okay out there.,helene,community_discussion,
lp7k3cq,t3_1fqs6xw,t3_1fqs6xw,HurricaneHelene,2016TRDPro,1727455723,2024-09-27 16:48,1,"No.

https://preview.redd.it/l29alhprsdrd1.jpeg?width=1440&format=pjpg&auto=webp&s=10a2ddcf1441207517e5bc81e1ead5e06616271c",helene,community_discussion,
lp7kfv3,t3_1fqs6xw,t1_lp7k3cq,HurricaneHelene,ThenRatio7752,1727455835,2024-09-27 16:50,1,And yet we didn’t receive any major damage outside of the coast and areas with water the ones being affected the most.,helene,community_discussion,
lp7kiec,t3_1fqs6xw,t3_1fqs6xw,HurricaneHelene,4dcawo,1727455858,2024-09-27 16:50,1,Tell that to the 22 people confirmed dead already :/,helene,community_discussion,
lp7krnk,t3_1fqs6xw,t1_lp7kfv3,HurricaneHelene,ChiantiAppreciator,1727455941,2024-09-27 16:52,2,Category isn’t a forecast of damage it’s a measure of wind.,helene,community_discussion,category
lp7l1ho,t3_1fqs6xw,t1_lp7krnk,HurricaneHelene,ThenRatio7752,1727456029,2024-09-27 16:53,1,And yet the storm caused no significant damage to florida or anything what their claiming right now so your point?,helene,community_discussion,storm
lp7lmyv,t3_1fqs6xw,t1_lp7l1ho,HurricaneHelene,ChiantiAppreciator,1727456221,2024-09-27 16:57,1,I literally can’t comprehend your point. Are you saying they lied about the wind speed? You’re not saying that and I’m being charitable suggesting it but it’s as close as I can get to something from you,helene,community_discussion,
lp7m3d9,t3_1fqs6xw,t3_1fqs6xw,HurricaneHelene,lesleyito,1727456366,2024-09-27 16:59,1,"You are confusing a hurricane with the Fujita scale, which uses damage after a tornado as a metric. Hurricane strength is only judged by wind speed. https://www.weather.gov/mfl/saffirsimpson",helene,community_discussion,hurricane|weather
lp7mdnv,t3_1fqs6xw,t1_lp7lmyv,HurricaneHelene,ThenRatio7752,1727456457,2024-09-27 17:00,1,"No i’m saying they lied about it becoming a category 4

It was never close to a 4 it was a 3 that strengthened into a 4 like some others have said and weakened after it hit the coast,tampa,ft myers etc and became a 1 or a 2 when it hit tallahassee and perry etc they showed no major damage to these areas as people are overreacting outside of our power loss 

I just read up some news about it being a category 2 or 1 when it hit georgia leaving 22 people dead 

I’m also well aware that even a category 1 is deadly",helene,community_discussion,power|category
lp7motk,t3_1fqs6xw,t1_lp7mdnv,HurricaneHelene,ChiantiAppreciator,1727456558,2024-09-27 17:02,2,"Ok so we’re back to where we started, the category denotes the wind speed they measure. That’s it",helene,community_discussion,category
lp7n5sn,t3_1fqs6xw,t1_lp7motk,HurricaneHelene,ThenRatio7752,1727456711,2024-09-27 17:05,1,No worries mate 👍🏽,helene,community_discussion,
lp7ngb5,t3_1fqs6xw,t1_lp7m3d9,HurricaneHelene,ThenRatio7752,1727456805,2024-09-27 17:06,1,"Someone already answered this for me 

But i did read up on the losses that this storm caused in georgia (god bless the dead)",helene,community_discussion,storm
lp7npur,t3_1fqs6xw,t1_lp7ngb5,HurricaneHelene,lesleyito,1727456892,2024-09-27 17:08,1,"I grew up in Florida and never have I ever heard anyone express disappointment that the storm didn’t cause more damage. Please think about this for a while, OK?",helene,community_discussion,storm
lp7nzaw,t3_1fqs6xw,t1_lp7npur,HurricaneHelene,ThenRatio7752,1727456977,2024-09-27 17:09,1,"I’m disappointed about the people overreacting about the damage in florida.

Power outages and some rain.",helene,community_discussion,power
lp7odbc,t3_1fqs6xw,t1_lp7nzaw,HurricaneHelene,lesleyito,1727457102,2024-09-27 17:11,1,"Maybe you should be like my friend who lost the roof of his house in Hurricane Andrew. That hurricane, people under reacted and a lot of lives were lost. Again, please think deeply about what you are saying.",helene,community_discussion,hurricane
lp7oemg,t3_1fqs6xw,t1_lp7kiec,HurricaneHelene,ThenRatio7752,1727457113,2024-09-27 17:11,1,"Read my other replies.

This storm did no significant damage to tallahassee or perry as others claim it did minus

Georgia got the worst of it as i explained in the other replies this thread is specifically for those who are overreacting about the damage in tallahassee and perry",helene,community_discussion,storm
lp7one4,t3_1fqs6xw,t1_lp7odbc,HurricaneHelene,ThenRatio7752,1727457192,2024-09-27 17:13,1,"Hurricane andrew is different from this.

I’m aware that my predecessors had it hard during those times.

But no worries 👍🏽",helene,community_discussion,hurricane
lp7p6a7,t3_1fqs6xw,t1_lp7one4,HurricaneHelene,lesleyito,1727457360,2024-09-27 17:16,1,"Hurricane Irma then. Lots of people watching cable TV complained that it wasn’t so bad. In reality, it hit my hometown and a lot of my friends suffered greatly. No power, chainsawing trees for a week.",helene,community_discussion,hurricane|power
lp7pgxj,t3_1fqs6xw,t1_lp7p6a7,HurricaneHelene,ThenRatio7752,1727457454,2024-09-27 17:17,1,"My god irma was terrible.

I am sorry,it’s good that you’re alive and well.",helene,community_discussion,
lp7u3o6,t3_1fqs6xw,t3_1fqs6xw,HurricaneHelene,FrequentBathroom2538,1727458928,2024-09-27 17:42,1,"4.5 million people without power and you're just like ""oh it wasn't that serious social media bad"" good day sir",helene,community_discussion,power
lp8jolb,t3_1fquwor,t3_1fquwor,HurricaneHelene,sapientiaeultio,1727467284,2024-09-27 20:01,1,Yeah it’s bad here. We’ve been grid locked with down power lines and trees.,helene,community_discussion,power
lp9hahe,t3_1fquwor,t3_1fquwor,HurricaneHelene,piscesshamrock,1727479430,2024-09-27 23:23,1,I am one of the lucky ones here with power in the upstate!,helene,community_discussion,power
lp9hsyi,t3_1fquwor,t1_lp9hahe,HurricaneHelene,AppointmentNorth5799,1727479632,2024-09-27 23:27,1,"What part? I’m in Spartanburg, still no power. Boiling springs and Greer are getting some power back now I think.",helene,community_discussion,power
lpar8zw,t3_1fquwor,t3_1fquwor,HurricaneHelene,MrPeach4tlanta,1727499930,2024-09-28 05:05,1,You guys get tornadoes or did the hurricane do that?,helene,community_discussion,hurricane
lp8pxb4,t3_1fqv4gr,t3_1fqv4gr,HurricaneHelene,evey_17,1727469362,2024-09-27 20:36,2,Yup water plus ev=🔥,helene,community_discussion,
lp8q9mu,t3_1fqv4gr,t1_lp8pxb4,HurricaneHelene,2016TRDPro,1727469476,2024-09-27 20:37,1,Every time.,helene,community_discussion,
lp8y46z,t3_1fqv4gr,t3_1fqv4gr,HurricaneHelene,Sugarfoot2182,1727472166,2024-09-27 21:22,2,"It’s ok to say Tesla.  Shitty made EV’s don’t have seals around the battery. 
There is a vid of an electric Porsche driving through a flood and it’s damn near underwater.",helene,community_discussion,flood
lp9i6xk,t3_1fqv4gr,t1_lp8pxb4,HurricaneHelene,HelenAngel,1727479786,2024-09-27 23:29,2,"Actually, it’s really only Teslas. I have an EV that has no issue with water.",helene,community_discussion,
lpez9zf,t3_1fqv4gr,t1_lp9i6xk,HurricaneHelene,abbeyroad_39,1727566845,2024-09-28 23:40,2,"Yep, no issues with my EV either",helene,community_discussion,
lpe81ak,t3_1fqx13m,t3_1fqx13m,HurricaneHelene,ButteredPizza69420,1727556520,2024-09-28 20:48,1,Always shut your breakers off if you can in this kind of situation - this is a good way to get electrocuted,helene,community_discussion,
lp96k8z,t3_1fqz6r2,t3_1fqz6r2,HurricaneHelene,ursa_noctua,1727475250,2024-09-27 22:14,2,Which city?,helene,community_discussion,
lp9vvpj,t3_1fqz6r2,t1_lp96k8z,HurricaneHelene,Flashy_Narwhal9362,1727485382,2024-09-28 01:03,1,Guess we’re gonna have to drive there and find out ourselves.,helene,community_discussion,
lpbnoan,t3_1fqz6r2,t3_1fqz6r2,HurricaneHelene,spinbutton,1727521672,2024-09-28 11:07,2,thank you for posting OP. I hope you and your family and friends are ok :-/,helene,community_discussion,
lpdggd4,t3_1fqz6r2,t3_1fqz6r2,HurricaneHelene,Silly-Day-7043,1727546904,2024-09-28 18:08,1,Is this in Boone?,helene,community_discussion,
lplofi3,t3_1fqz6r2,t3_1fqz6r2,HurricaneHelene,MarsRover1313,1727668701,2024-09-30 03:58,1,Nowhere else to go,helene,community_discussion,
lpqvyen,t3_1fqz6r2,t3_1fqz6r2,HurricaneHelene,Plane_Taro_4148,1727746723,2024-10-01 01:38,1,"Picture 3&4 are in Hickory, NC. Just around the corner from my house.  An hour east of Asheville. Lots of trees down and many without power but certainly not the devastation that our neighbors west of us are facing.",helene,community_discussion,power
